<?xml version="1.0" encoding="UTF-8" ?>
<!DOCTYPE mapper PUBLIC "-//mybatis.org//DTD MAPPER 3.0//EN" "http://mybatis.org/dtd/mybatis-3-mapper.dtd">
<mapper namespace="com.djl.bilibili.dao.UserFollowingDao">
<delete id="deleteUserFollowing" >
    delete from
       t_user_following
     where
        userId = #{userId} and followingId =#{followingId}
</delete>
    <insert id="addUserFollowing" parameterType="com.djl.bilibili.domain.UserFollowing">
        insert into
           t_user_following(
                            userId,
                            followingId,
                            groupId,
                            createTime
        )
        values(
               #{userId},
               #{followingId},
               #{groupId},
               #{createTime}
              )
    </insert>
    <select id="getUserFollowings" parameterType="java.lang.Long" resultType="com.djl.bilibili.domain.UserFollowing">
        select
        *
       from
        t_user_following
       where
         userId = #{userId}
    </select>
    <select id="getUserFans" parameterType="java.lang.Long" resultType="com.djl.bilibili.domain.UserFollowing">
        select
             *
        from
           t_user_following
        where
            followingId = #{followingId}
    </select>
</mapper>